Date,SPY,AAPL,MSFT,AMZN,TSLA,GOOGL,GOOG,FB,NVDA,BRK-B,JPM,JNJ,UNH,HD,PG,V,BAC,MA,PFE,XOM,DIS,CSCO,AVGO,ADBE,CVX,PEP,TMO,KO,ABBV,CMCSA,NFLX,ABT,ACN,COST,CRM,INTC,WFC,VZ,PYPL,WMT,QCOM,MRK,LLY,MCD,T,NKE,DHR,LOW,LIN,TXN,NEE,AMD,UNP,PM,INTU,UPS,HON,MS,MDT,BMY,AMAT,ORCL,SCHW,CVS,RTX,C,GS,AMGN,BLK,BA,CAT,IBM,SBUX,AMT,PLD,GE,ISRG,COP,TGT,ANTM,AXP,DE,MU,SPGI,MMM,NOW,BKNG,F,ADP,ZTS,LRCX,PNC,MDLZ,MO,ADI,GILD,LMT,SYK,GM,TFC,TJX
2021/10/20 0:00,450.8261414,149.0424805,306.8486328,3415.060059,865.7999878,2835.379883,2848.300049,340.7799988,221.0029449,287.4899902,169.822052,162.7142029,433.6755371,356.7545471,139.5863342,231.0133209,46.86443329,356.3024292,42.42757797,63.00328064,170.5500031,55.87077332,506.1521912,632.3699951,111.8670731,160.2272797,605.3562622,54.2096138,107.296608,54.44043732,625.1400146,122.8765869,344.9057922,469.0112305,290.0899963,54.98760605,49.96707535,52.9717865,258.3599854,145.414505,131.6622772,80.30810547,242.9312134,238.3983307,25.39398193,158.1657257,314.6156006,224.2704315,310.1835632,198.1595459,83.54994965,116.3899994,226.9266357,95.71652985,569.8684082,194.3099823,222.6776886,99.96831512,121.0190964,57.56552887,133.7640686,96.28231812,81.4081955,85.59250641,91.14533234,71.30323792,405.7488098,207.9144135,898.7845459,216.1699982,203.0687408,133.87323,113.3711624,274.6757507,142.8520203,105.9072723,339.7999878,75.35694122,250.9725494,422.8658142,179.1503754,343.0050354,68.19728088,439.8198853,180.9474182,681.1099854,2384.179932,15.9596405,212.1043243,206.0639038,564.2615967,211.625351,59.97206497,47.51756668,176.2449493,66.18770599,368.0846558,273.0582275,57.66999817,63.40637589,63.62243652
2021/10/21 0:00,452.0020142,149.262146,310.1925049,3435.01001,894,2837.719971,2855.610107,341.8800049,226.8922119,286.8200073,168.4900513,162.3366699,440.8421631,363.1182251,138.5817413,229.8354034,46.60567856,355.7431641,42.48705673,61.85866547,171.3399963,55.36375809,510.8819275,638.6599731,110.463295,158.1115723,608.1651001,53.93176651,107.643013,53.76378632,653.1599731,124.6104736,346.2223816,476.459198,289.8099976,55.61325455,50.13642502,52.75440216,243.2100067,146.2212524,132.5489349,80.40716553,240.3894653,240.0690613,25.24697113,161.8890228,310.5382385,226.6725159,310.2732544,200.0578461,83.44042969,119.3300018,230.1810913,95.22324371,577.6793213,198.4594879,223.553894,99.59091949,120.879982,57.30779266,133.1251068,95.94358063,82.05674744,86.39820099,91.075737,70.00266266,405.4503479,207.25,899.5709229,214.3399963,201.0299988,121.0708313,113.9486771,277.6609192,144.3659973,103.059761,339.6300049,73.93940735,253.3444519,429.2080688,177.0256958,341.8884277,68.56689453,444.6916809,180.6498413,686.3400269,2411.129883,16.46708298,213.756958,208.3711395,554.2036743,211.5557251,59.84274673,47.32133484,178.1277466,66.31639862,370.078186,275.7313232,58.40999985,63.10860062,64.43938446
2021/10/22 0:00,451.5336609,148.4733124,308.5954285,3335.550049,909.6799927,2751.330078,2772.5,324.6099854,227.2321777,289.2399902,170.7564545,162.6546021,447.6997986,364.4825745,140.0736847,230.8236542,47.34213257,358.1999817,42.78444672,62.2829628,169.4199982,54.78715897,512.1338501,643.5800171,111.5111847,158.896286,611.7137451,54.03100204,108.019104,53.95285416,664.7800293,126.2746048,352.8751526,481.2114868,292.5599976,49.11841965,50.46515274,52.29988098,240.3999939,147.7451172,131.1243134,80.38735199,242.9611053,237.1253967,24.98234749,163.1866913,313.1765442,228.0180817,313.1037903,197.8514404,84.04774475,119.8199997,236.4611206,95.57840729,590.1148682,202.8079987,216.4645233,101.1004791,122.3108673,57.09961319,135.7109222,97.88636017,83.36383057,87.05469513,91.32427979,70.85647583,412.1450195,207.4979095,910.7692261,212.9700012,200.6499939,120.646286,114.0582047,283.0441895,143.429718,103.9589767,341.519989,75.05956268,255.0585938,432.1298828,186.6116486,339.6751709,67.43809509,449.7331848,179.3404999,686.6500244,2394.590088,16.19843864,216.7834625,208.2612762,555.520813,214.8872375,60.20085144,47.31152344,177.7392273,66.56388092,371.5261841,275.0231628,57.77000046,63.96222687,63.92132187
2021/10/25 0:00,453.9551392,148.4233856,307.5673218,3320.370117,1024.859985,2748.939941,2775.459961,328.6900024,231.6316376,290.2600098,169.921463,163.0122528,448.028717,369.730896,140.0935822,233.4690094,47.28242111,360.3870544,42.77453232,63.4966507,172.0099945,54.81698227,518.7515869,646.9699707,112.5491867,158.1513062,607.5054321,53.81269073,107.3856812,53.81354523,671.6599731,126.1350937,355.51828,489.3084106,293.9200134,49.06876755,50.42530441,51.95404816,246.8800049,149.4582214,131.433136,80.89256287,244.2569122,236.0314484,25.1293602,163.9253693,305.9012756,231.0580597,315.6253662,198.9745178,83.9183197,122.3600006,239.1383362,95.24298096,601.8612671,202.8975525,216.6039276,101.2097244,122.7778931,57.30779266,135.5411987,97.5276947,82.70529938,87.2138443,90.76754761,70.32036591,412.5727844,205.9013214,920.4943848,212.8699951,202.2100067,120.4198685,114.217514,283.1735229,144.5253754,105.2078857,343.5899963,75.85256958,259.463562,433.3464661,181.8535767,351.6487122,68.68676758,446.6184387,180.9275818,688.8499756,2412.97998,15.91983986,217.1020508,211.2676849,550.7612305,215.3645935,60.02180099,47.04661179,179.8312225,66.98956299,373.2419739,272.3500061,57.75999832,64.09126282,65.01722717
2021/10/26 0:00,454.3637085,149.1024017,309.5436707,3376.070068,1018.429993,2786.169922,2793.439941,315.8099976,247.13974,290.8500061,170.3787231,164.6713867,453.1619873,367.6793823,142.08284,231.4126282,47.73026276,356.8517151,43.18096542,64.96688843,172.0399933,55.48305893,530.4765625,642.5,112.7963257,160.0882263,608.0952148,54.0508461,108.365509,53.49511719,668.5200195,127.6796494,355.4185486,484.7457886,295.1099854,47.94657135,50.4352684,52.44809723,243,148.1534882,131.4431152,81.47701263,247.6359406,235.1165314,24.86473846,163.4961395,306.7307129,230.3105316,315.7150574,195.774231,85.09311676,122.9300003,239.5762482,94.907547,607.9042358,216.9978943,217.3805847,102.7590027,123.2647934,57.73405457,131.7872772,96.62106323,82.87491608,87.85044098,88.64002991,70.14165497,415.4177551,206.9425659,927.3030396,209.8099976,199.6399994,119.9387131,114.4266129,285.5218811,145.6508942,107.3460083,348.7000122,76.35813141,257.8490601,435.021759,180.4969788,340.1138611,68.86657715,463.839447,180.6895294,676.710022,2443.030029,15.86013985,217.8287964,210.2688751,547.737915,214.8773041,60.50921631,47.20359421,179.1936646,67.04896545,329.1864929,272.4796753,57.36999893,63.96222687,65.08696747
2021/10/27 0:00,452.3507996,148.6330872,322.5798645,3392.48999,1037.859985,2924.350098,2928.550049,312.2200012,244.4800568,287.7799988,166.8300018,162.674469,452.0057678,370.7865295,141.0683136,215.4008026,46.81467438,335.2800293,42.59609985,63.27956772,169.5500031,55.85089111,519.7849121,640.0800171,110.7895279,159.5319824,612.0435791,55.09276581,107.286705,52.18162155,662.9199829,127.2611237,353.1344604,488.3199768,295.1499939,47.55926514,49.85749817,52.0034523,234.9400024,146.9383698,130.7058868,80.77368927,249.3603363,241.3917389,24.56091118,162.0587311,305.0418091,231.0082245,317.9077454,185.9547119,84.63514709,122.2799988,238.2426147,93.59542084,612.4190063,211.1667023,214.7917633,101.1699982,121.7246017,55.99925995,131.9470215,95.67457581,80.96917725,87.62165833,88.64002991,69.80410004,408.832489,204.8600616,913.0587158,206.6100006,196.1300049,118.0895844,113.0226669,284.0093994,143.2902832,103.7591476,348.980011,74.22405243,255.6665344,432.4689331,177.5843048,337.2027283,68.16732025,461.8228455,176.801178,664.7600098,2428.090088,15.43229485,220.9648132,209.3300018,552.4076538,211.7347412,60.0715332,46.60508728,169.8096161,66.09860992,328.2244568,267.811676,54.25999832,62.54282379,64.31982422
2021/10/28 0:00,456.7154541,152.3476563,323.7576904,3446.570068,1077.040039,2916.97998,2922.580078,316.9200134,249.3794708,289.7200012,169.3449249,161.7902679,453.9593811,370.0396118,141.9137421,209.4712372,47.55112839,332.5935669,42.8042717,63.45718002,169.6799927,55.91054153,526.2039185,639.2800293,111.8275299,160.535202,619.8204346,55.60876465,108.543663,51.64428329,674.0499878,127.2611237,355.3985901,490.5299988,298.3800049,47.74795532,51.16246033,52.17142868,236.8300018,147.8546753,133.1865234,85.73661041,252.5300446,244.1464691,25.04115105,164.1649475,304.3722534,230.9982452,316.9010925,186.719986,86.03892517,121.1600037,241.1487427,94.68064117,614.6963501,212.8483887,217.5398865,102.5,120.502388,56.63369751,135.8007965,95.87384033,81.80730438,88.14884949,88.66985321,70.37000275,412.642395,205.4451447,931.1851196,207.8500061,204.0899963,118.7216797,112.7139893,284.5964661,146.0891418,105.1679153,355.6099854,74.94206238,257.3407898,432.1498108,174.1728668,348.6379089,69.50589752,468.7212524,178.4179993,687.7000122,2429.77002,16.77553177,221.9504242,212.6699982,564.7106323,211.8739624,60.628582,43.74010468,171.8019867,66.66287994,328.6707764,267.7518616,54.24000168,63.41630173,64.95744324
2021/10/29 0:00,457.6421814,149.5816956,331.0144043,3372.429932,1114,2960.919922,2965.409912,323.5700073,255.6387024,287.0100098,168.8777161,161.8200684,458.9730225,370.2088928,142.2220917,211.3978577,47.55112839,335.0802917,43.3594017,63.61506271,169.0700073,55.64212036,528.2905273,650.3599854,113.1818695,160.5153503,632.8152466,55.93622589,113.4923096,51.17660141,690.3099976,128.4369659,357.8622131,491.5400085,299.6900024,48.66159821,50.96323013,52.35916901,232.5899963,148.8208008,132.5389557,87.22251129,253.9354706,244.1961975,24.75692749,166.9898529,311.5675659,233.0514984,318.1369934,187.4799957,84.95373535,120.2300034,240.253006,93.26985168,625.2640991,212.4205017,217.6792755,102.7799988,119.1013107,57.89266586,136.4297638,95.58491516,81.84721375,88.805336,88.34178162,69.16000366,411.1801147,205.2468109,939.128479,207.0299988,204.0099945,118.0235443,105.6146088,280.5764465,144.3859253,104.7782593,361.1300049,74.28388214,258.7360229,433.9148865,173.3449402,341.2703247,69.02640533,473.3634338,177.2376099,697.7600098,2420.780029,16.99442863,223.4935455,216.1999969,562.3358765,209.8651123,60.41969299,43.27895737,172.8280487,64.22761536,329.5931396,265.3879395,54.43000031,62.99941635,65.24636841
2021/11/1 0:00,458.4294434,148.7429199,328.7685242,3318.110107,1208.589966,2869.939941,2875.47998,329.980011,258.2383728,286.2399902,168.7882538,161.9591522,452.6336975,364.9705811,141.8739624,212.0866394,47.62079239,333.6122131,43.26026917,64.75967407,170.1900024,55.77135849,524.6935425,640.2000122,113.2214127,160.1776123,634.8443604,55.73776245,113.6308746,52.00250626,681.1699829,128.4868011,354.4011841,491.8699951,302.7600098,49.207798,51.51111221,52.31964111,231.2799988,149.1893005,134.3022919,87.01448059,248.5031128,249.1984558,24.86473846,166.0315857,309.4789124,230.9882965,321.8944092,187.4700012,85.21258545,125.2300034,238.3222351,92.1648941,608.1040039,209.8631287,218.8143768,104,119.4689713,58.17023087,139.2851563,94.03068542,81.68757629,90.16805267,88.03359222,69.61000061,414.5125427,208.0433197,931.9316406,214.5800018,205.3800049,119.136795,109.328598,280.7058105,144.1568298,106.1370697,355.0299988,74.38360596,257.0418396,427.5626831,173.7738647,357.6604004,70.62469482,462.4018555,178.1303558,681.9799805,2489.689941,17.86007118,221.1539764,213.6000061,571.5057373,209.4772644,60.58879471,43.22008514,174.3223267,64.97997284,328.2145081,267.7119446,55.49000168,63.95229721,66.40205383
2021/11/2 0:00,460.2828979,149.8013763,332.5216675,3312.75,1172,2908.649902,2917.26001,328.0799866,263.9776917,287.9299927,169.4542694,164.5124207,450.5704346,365.7772217,143.2863464,208.7724762,47.65065002,328.04953,45.05451965,63.9604187,169.8300018,57.28245544,533.65625,640.4000244,112.5294189,161.6476898,635.9439697,55.66830063,115.3332062,52.38063812,677.7199707,127.2611237,360.5652161,496.9899902,302.9500122,49.51565933,51.10269165,51.94416428,229.4600067,149.1195984,134.7207184,88.18338776,256.0187073,247.86586,24.72752571,167.5289001,313.0466003,232.2640839,326.4790955,189.3399963,85.04333496,127.6299973,239.2975769,92.75682831,617.6729126,208.1117859,220.2382202,104.6600037,120.5322037,58.1206665,140.9824371,95.51517487,81.58779144,90.66539764,87.28796387,68.59999847,421.625,212.4761047,943.498291,212.7700043,207.1199951,119.04245,110.9715042,281.2530823,146.4477234,106.5966644,360.3699951,72.82792664,259.3738708,419.0265808,172.7364655,354.2208557,70.68463898,460.4052429,180.5010529,686.5900269,2453.830078,17.91976929,224.170517,212.1999969,572.9824829,208.9402618,61.03642273,43.31820297,177.2610626,65.23735809,323.6324158,271.9510498,55.59000015,63.82326508,67.06956482
2021/11/3 0:00,463.0930481,151.2692413,333.3900452,3384,1213.859985,2931.959961,2935.800049,331.6199951,265.9474487,288.7200012,169.5139008,163.9858704,455.8432312,367.4503174,144.2710266,207.734314,48.13830185,328.9982605,44.43000031,63.08222198,170.0800018,57.31228256,538.9225464,655.1799927,111.7187881,163.1972198,642.1114502,55.85684204,116.3625259,52.6891098,688.289978,128.2476349,361.1636658,502.3299866,302.8900146,50.04199982,51.79999924,52.30976105,230.3800049,149.5777435,137.9584656,87.84658813,265.3982544,249.0194397,24.67852211,172.1905212,310.6481934,233.5299072,327.3163147,189.1900024,84.86412811,130.5299988,238.3222351,93.45729828,622.1477051,211.6940918,221.8412933,102.6100006,120.4129562,58.84432602,142.5199432,95.79413605,83.14431763,95.82779694,88.15288544,69,415.7062378,216.3138885,947.3306274,213.3800049,203.5500031,119.9387131,112.1265259,279.2132263,147.0652618,105.8772964,361.4899902,72.53872681,259.5233459,423.4442139,172.1778717,342.0080566,71.17411041,454.2855225,180.7589569,687.6699829,2435.330078,18.53666306,224.7479553,211.1300049,580.1268311,211.5258942,62.01125336,44.11294174,178.1177826,66.73217773,328.631073,271.1630554,56,64.65703583,68.1754303
2021/11/4 0:00,465.2753906,150.7400055,335.825592,3477,1229.910034,2965.350098,2973.659912,335.8500061,297.9735107,287.6900024,167.2872467,163.5288849,455.275116,370.6470947,144.5395813,208.4131012,47.10328674,334.9904175,43.84999847,63.55586243,170.2799988,56.78538132,545.1328125,674.0800171,112.2130737,163.2071381,639.5025635,56.16445541,115.8577652,52.47019196,668.4000244,128.636261,365.8514709,515.6199951,308.0400085,50.31000137,50.61999893,51.23273468,228.2200012,150.6733398,155.5220795,89.6891098,270.1229248,252.0625916,24.30608749,175.1252441,305.7913208,236.9984741,330.3959961,191.1100006,84.38624573,137.5,236.0729675,92.46086884,624.9544678,209.684021,221.5326385,99.79000092,119.9260635,58.73527908,149.8880615,95.27605438,81.26850891,93.98763275,87.54644012,67,405.9278564,213.1405182,949.6598511,213.0299988,203.5899963,119.2585907,111.6784668,277.5713806,147.2843933,105.1179581,363.3200073,73.10714722,259.5532532,421.4298401,172.0980682,349.7843933,72.16305542,461.9725952,179.1520386,701.7299805,2437.01001,19.32270622,225.1860046,217.7700043,597.4188232,206.563446,61.76256943,43.76953506,180.0404205,65.80162811,332.7470093,269.3676758,58.63999939,63.28726196,69.4805603
2021/11/5 0:00,466.8897095,151.2799988,335.4462891,3518.98999,1222.089966,2977.040039,2984.820068,341.1300049,297.483551,287.8800049,167.0486908,162.3664856,454.328186,366.8826599,145.2557068,216.2892456,46.74501038,348.3329163,48.61000061,64.15776825,175.6300049,56.73567581,555.3673096,662.7199707,113.4290161,164.8858032,616.5517578,56.40260696,115.976532,53.63442993,645.7199707,123.9328613,367.5072021,513.1199951,307.25,50.91999817,50.43999863,51.6180954,225.7799988,149.6275482,162.4160156,80.84303284,264.142334,253.3056946,24.60011482,177.1915283,291.8903503,234.7658234,330.8843689,193.3999939,85.15284729,136.3399963,237.6952362,93.03307343,614.2768555,207.1963196,225.087265,99.87000275,122.2015686,58.93354416,153.0429535,94.59857178,80.96917725,93.28141022,90.64824677,66.98999786,404.9430237,211.9901886,950.7249756,224.4600067,205.8800049,121.9822464,116.4080734,276.4568787,146.1090698,108.6448669,364.9500122,75.2412262,253.4042511,420.8813782,176.2476501,354.1211853,72.84233093,459.5167542,180.332428,692.0100098,2618.969971,19.19335747,228.5808716,216.7299957,609.4324951,205.9568176,61.93167114,44.348423,183.4772491,65.65313721,337.1010132,275.4520569,58.52000046,63.81333542,70.93512726
2021/11/8 0:00,467.2882996,150.4400024,336.3746033,3488.97998,1162.939941,2980.620117,2987.030029,338.6199951,308.0022888,288.7999878,168.0526581,161.8101196,461.1160278,367.0718689,144.1715546,220.1025391,47.11323547,349.2117615,48.33000183,64.84848785,176.8699951,56.6660881,555.3971558,666.0200195,113.8343353,161.3397522,624.2186279,55.89653397,114.8680344,53.22645187,651.4500122,126.3543243,365.9811401,503.8099976,309.9599915,51.54999924,50.86999893,51.70702362,229.4199982,148.671402,165.2254028,81.90297699,259.6867981,251.7045746,24.38449478,171.541687,301.1543579,234.0182953,336.4059143,192.3600006,84.21699524,150.1600037,238.3122711,91.64201355,614.5365601,208.2710114,224.7586823,100.0699997,122.2413101,58.89389038,152.713501,94.78787231,81.49799347,93.26152039,90.1809845,68.44999695,406.1964111,209.6101685,961.4356079,222.6799927,214.25,122.9000015,114.6655884,277.3823242,147.4836121,108.3251495,365.4200134,75.71990204,252.467453,425.3987427,179.5992432,359.7639771,74.48058319,460.8844299,180.0745239,692.2800293,2639.860107,20.04904747,226.4802399,217.8000031,607.7362061,207.0209045,61.55368042,44.22087097,183.7561951,65.30665588,338.9754944,274.8435974,59.59999847,64.28977203,69.63000488
2021/11/9 0:00,465.7437439,150.8099976,335.3365173,3576.22998,1023.5,2978.370117,2984.969971,335.3699951,306.5324707,286.3500061,166.7802887,161.4524689,462.8404236,369.1233826,144.6092072,213.0149994,46.65544128,344.1983337,47.29999924,65.47999573,175.1100006,57.103508,554.2544556,667.9199829,114.6746216,162.4125061,618.3310547,56.05530167,114.4226608,53.48516846,655.9899902,125.9856186,366.5197754,508.7099915,309.7099915,51.20000076,49.88999939,51.6180954,205.4199982,149.1893005,166.1120453,81.94259644,261.1719666,251.2570343,24.21788025,173.5081635,298.9957581,233.1411896,337.4922791,190.7899933,84.56545258,148.9199982,239.8549194,92.41153717,612.069458,208.9277649,226.769989,99.70999908,121.5159302,58.94345474,156.0381165,94.23990631,80.59999847,92.26683807,90.45935059,67.98999786,403.2221069,209.9473419,962.3115234,220.7899933,209.8099976,120.8499985,113.6399994,278.5365906,147.8620911,111.1926422,364.1499939,75.54039764,254.291214,428.9188843,179.4097137,354.7293396,75.50949097,461.2039185,179.8662262,691.2700195,2648.199951,20.01919937,228.1826324,220.2200012,620.5480957,205.8971405,61.91178131,43.9461441,184.2941284,65.48484802,335.3951416,274.4645996,58.61999893,64.25999451,69.68000031
2021/11/10 0:00,461.9968872,147.9199982,330.1958923,3482.050049,1067.949951,2917.870117,2932.52002,327.6400146,294.5539246,285.3200073,166.6212463,163.2010193,458.4048767,367.0618896,146.0315247,215.5599976,47.00376129,357.4709167,49.02000046,64.19000244,174.4499969,57.43157578,545.2818604,647.5,112.8457642,162.9389496,626.6077271,56.28353119,115.5509491,53.90309906,646.9099731,127.3707352,363.796814,505.5100098,299.6700134,50.75999832,50.36000061,51.97380829,204.6399994,147.8447266,159.1981812,83.22047424,263.793457,251.7344055,24.45310211,167.9581146,301.8338928,231.7856598,335.4989624,187.0200043,84.82430267,139.8699951,240.3923492,93.11199951,603.2796021,210.5995026,225.4100037,97.76999664,121.6351776,58.87406158,150.157608,93.48271942,80.75,92.46577454,89.65408325,68.20999908,397.0248108,211.4348602,954.8062134,218.5,206.6699982,120.2200012,113.25,274.5165405,148.1808319,108.8646774,359.4899902,72.79800415,253.1849976,423.7533264,180.9358826,351.539032,73.33181763,453.4469299,180.9474182,670.9099731,2569.780029,19.26300621,228.6206818,216.5800018,604.4534302,204.2761383,62.39919662,43.9068985,180.1699219,66.64308167,334.8595581,270.3651123,59.27000046,63.88999939,68.95999908
2021/11/11 0:00,462.1463623,147.8699951,331.8229065,3472.5,1063.51001,2915.330078,2934.959961,327.7399902,303.862793,284.6499939,166.6113129,161.9988861,455.9030457,366.1158447,145.6137695,210.4199982,47.26251984,353.8756104,50.18000031,64.30999756,162.1100006,56.42749023,551.869751,643.1699829,112.8556519,161.5980225,631.2258301,56.30337906,115.4321823,53.39561081,657.5800171,126.802742,365.2630005,512.1799927,302.980011,50.52999878,50.59000015,51.82559586,202.0299988,147.90448,163.8007813,83.2303772,261.7799988,248.780777,24.42369843,166.6704407,304.3422852,231.556427,334.5421448,188.6000061,84.99356079,146.0099945,239.4170074,93.72367096,606.1662598,212.2413788,221.0099945,98.87999725,118.8230896,58.67580032,153.6519775,93.69194794,81.40000153,93.70912933,88.53067017,68.87000275,400.2279053,209.798584,961.1668091,219.3800049,208.5299988,120.2699966,111.4400024,271.1333618,148.320282,106.906395,350.7900085,71.94038391,255.1383362,429.4673462,180.8461151,354.9287415,74.47060394,450.7614441,178.7552795,679.25,2479.040039,19.45205307,227.5355225,215.6900024,612.3560791,204.4651031,62.14056778,44.05407333,182.4013824,66.75197601,333.1338501,262.7447205,61.81999969,63.43999863,68.22000122
2021/11/12 0:00,465.6340942,149.9900055,336.1051025,3525.149902,1033.420044,2973.560059,2992.909912,340.8900146,303.862793,285.9899902,165.8657684,163.936203,457.4978333,371.0952454,145.7729187,212.0899963,46.6852951,363.0236206,49.72999954,63.81999969,159.6300049,56.48714066,559.6399536,657.5999756,112.9248505,161.5582886,634.9943237,56.17437744,115.768692,53.2364006,682.6099854,127.9985199,370.27005,517.1699829,306.6499939,50.31000137,50.95999908,51.71690369,208.3000031,147.16745,164.3188324,83.21057129,259.6499939,249.2879639,24.44330215,168.7866364,304.182373,235.5432739,335.8976135,190.0800018,85.92941284,147.8899994,241.2880707,93.4868927,626.2629395,212.1418762,222.3899994,99.84999847,118.5547943,58.91371536,156.567276,93.19379425,82.11000061,93.52013397,88.34178162,69.16000366,402.7844238,209.6300049,967.0297852,220.9600067,209.2700043,118.9599991,111.7200012,270.7552185,148.2206726,107.4958725,354.9299927,72.15977478,259.1346436,435.7896423,181.4346313,357.77005,77.21767426,452.5983582,182.1774139,691.4000244,2451.649902,19.4023056,229.904953,216.8500061,623.0525513,202.4860687,62.44893265,44.07369232,184.0849152,66.80147552,336.2778015,263.6623535,63.40000153,62.70000076,68.80000305
2021/11/15 0:00,465.7935486,150,335.4562988,3545.679932,1013.390015,2969.040039,2987.76001,347.5599976,300.2132263,284.6700134,165.5675659,162.4559021,449.3344421,369.5516052,146.6083984,212.3000031,46.82462311,360.8864136,49.65000153,64.37000275,158.4299927,56.93450546,562.1738281,659.7299805,115.4852524,162.7005768,632.1054688,56.18429947,115.6400223,53.11699295,679.3300171,128.9850464,367.4972534,519.8900146,305.4899902,50.31999969,51.08000183,51.77619171,212.5399933,146.3208618,167.8753815,82.90348816,258.4299927,251.5454559,24.30608749,168.5470734,299.4854126,234.1478729,332.8976746,189.2299957,86.9548645,146.4900055,240.3127441,94.07883453,625.4139404,210.4800873,222.4700012,100.2099991,116.8357468,59.10206604,156.018158,93.67201233,81.91999817,92.99295044,88.82891846,68.73999786,402.6849365,207.3999939,948.8635864,233.0899963,207.7100067,118.8700027,111.8700027,259.2125549,149.6051636,106.576683,353.5599976,72.51878357,263.4299927,433.1769714,182.6715393,360.0531006,76.6982193,458.5084229,181.830246,682.5700073,2405.01001,19.76050186,232.0254974,216.0599976,628.8798218,203.6894073,62.51856232,44.348423,184.3538971,66.52428436,338.1225586,261.2186584,62.97000122,63.27999878,69.31999969
2021/11/16 0:00,467.637085,151,338.8900146,3540.699951,1054.72998,2957.52002,2981.52002,342.9599915,301.9930115,283.3599854,164.3747101,161.6114349,448.1582947,390.7140808,146.3995361,215.1799927,46.85448074,369.0756836,49.59999847,65.01999664,158.8300018,56.6660881,565.1547241,671.0300293,115.9399948,162.2138519,641.2218018,55.78738022,115.2243347,52.85827255,687.4000244,130.4299469,370.2002258,526.7199707,307.0899963,50.61000061,50.36999893,51.44023895,215.6699982,142.5958557,181.1252899,83.3195343,257.7200012,251.0681,24.16887665,171.5217285,305.391571,243.9754639,331.8611145,188.5200043,86.59645844,152.4499969,240.3326263,91.81959534,645.0111694,210.8283691,221.3699951,100.6900024,117.2431488,58.58658218,157.6055908,95.25613403,81.80999756,92.39614105,88.38154602,67.73999786,400.9739685,205.3899994,944.5932617,225.8000031,205.4299927,118.4599991,112.2300034,257.7597656,148.878067,103.2595825,361.1199951,72.43900299,266.3900146,429.2579041,180.4670563,360.9105225,76.72818756,469.5798035,181.8897552,692.5499878,2380.330078,19.69085312,234.20578,220.1799927,632.8710327,204.3954773,62.14056778,43.61255264,186.9539337,66.21740723,337.5770569,261.6275635,62.61000061,63.54999924,69.5
2021/11/17 0:00,466.5010986,153.4900055,339.1199951,3549,1089.01001,2960.939941,2981.23999,340.769989,292.5741577,281.5899963,163.4900208,162.2174683,447.490509,393.2237244,146.3100281,205.0599976,46.28720856,358.6993103,50.86999893,64.30999756,157.3300018,56.42749023,566.0192261,670.6699829,115.4199982,162.2734528,637.0435181,55.47976303,116.144783,53.46526718,691.6900024,128.167923,371.81604,526.289978,308.019989,50.22999954,49.84000015,51.11416626,206.2700043,141.3707886,182.8487701,81.82372284,261.1799927,251.2968292,24.16887665,171.4318848,309.4689636,244.9223328,330.3760986,189.5700073,87.39292908,151.3399963,238.6108551,92.33261108,634.3235474,206.8281403,220.4900055,97.68000031,117.0841675,58.92362976,155.7286224,94.97717285,81.41999817,92.23699951,86.93999481,66.84999847,389.4945374,205.8200073,927.2631836,226.6199951,202.9799957,118.0599976,112.5199966,256.2572327,149.7844696,101.9007721,361.4200134,71.77085876,253.8000031,428.4801025,179.1603394,352.4462585,75.37963104,464.7179871,181.8600006,684.9299927,2366.379883,19.8599987,235.8285522,221.8699951,629.2490234,201.3424377,61.84214783,43.58311462,186.3263397,66.78166962,339.1837463,261.3881836,64.61000061,62.43000031,73.55000305
2021/11/18 0:00,468.0855103,157.8699951,341.269989,3696.060059,1096.380005,2996.77002,3014.179932,338.6900024,316.7112122,280.6300049,162.078476,161.3431854,448.0087891,404.1784058,146.3299103,203.3300018,46.09812164,347.7636414,51.40999985,63.61000061,155.5800018,53.31583023,571.156311,670.960022,114.4499969,162.3231201,637.3734131,54.98361206,115.8676605,52.51994705,682.0200195,127.1913681,369.8211975,529.3699951,302.9899902,49.68000031,49.90000153,50.63000107,200.5,142.585907,185.6183167,82.26950073,261.3299866,252.0824738,23.90425491,171.0425873,312.446991,246.566925,329.8976746,193.4700012,87.21372223,155.0200043,239.098526,90.32002258,628.2106934,206.4499969,220.6999969,97.68000031,116.9251709,58.52710342,158.4841766,94.30965424,81.72000122,94.83311462,86.91000366,67.11000061,389.3154907,204.0200043,918.5335083,227.25,201.4199982,116.6600037,112.9000015,257.6801453,149.9836731,100.5819321,359.2000122,72.51878357,252.0500031,424.6907043,175.7688599,356.0253601,76.93796539,463.1506042,178.7700043,675.8400269,2375.97998,19.55999947,236.8937988,225.5399933,634.4076538,199.8009796,62.01125336,43.18083954,187.3723297,67.10835266,339.2730103,259.0342712,62.33000183,61.86999893,73.09999847
2021/11/19 0:00,467.2484741,160.5500031,343.1099854,3676.570068,1137.060059,2978.530029,2999.050049,345.2999878,329.8096313,279.9899902,159.9611664,161.8300018,438.5695801,407.0067139,146.0315247,200.8600006,45.18252945,339.2747803,50.79999924,60.66999817,154,52.93805313,565.1050415,688.3699951,111.9100037,162.710495,635.7940063,54.70576859,115.0461884,51.65423584,678.7999878,126.3941727,368.8337708,533.789978,301.1700134,49.52000046,48.81999969,50.25452423,193.6100006,141.818985,184.3032837,79.94158173,260.7000122,250.5608978,23.64943123,174.5662537,313.9260559,248.6998901,331.0837097,195.1600037,87.92059326,155.4100037,240.1634369,89.18547058,691.5371704,208.4700012,218.4900055,96.91000366,116.4780273,57.32761765,149.788208,93.62220764,80.16999817,92.664711,85.43000031,66.33999634,385.3564148,206.0800018,910.7493896,214.1300049,200.4400024,116.0500031,110.7799988,259.6901855,149.6250916,99.87255096,348.6499939,69.41738892,250.6999969,414.0505066,173.1055298,345.0986633,82.94156647,460.5350037,179.2299957,675.9699707,2339.98999,19.38999939,236.8539734,226.4299927,643.088623,198.2595367,60.20085144,42.58233261,188.0796356,67.99930573,338.6382751,263.0140381,61.79999924,60.63999939,71.01999664
2021/11/22 0:00,465.933075,161.0200043,339.8299866,3572.570068,1156.869995,2926.040039,2941.570068,341.0100098,319.520874,284.9700012,163.3707428,159.6999969,436.1175842,407.1063232,147.0062561,195.5800018,46.05831146,320.8789063,51.20000076,61.50999832,154.1600037,54.28014374,549.7632446,673.5700073,113.9100037,163.0482178,633.704895,55.04315186,114.4622498,51.2562027,659.2000122,124.8197327,362.3605347,539.6500244,296.8399963,49.83000183,50.34000015,50.92642975,189.4799957,144.1994019,180.7168274,80.87274933,260.4400024,252.0824738,24.2080822,173.9273987,313.5263062,251.5205841,328.6418457,192.5,86.97478485,152.5200043,242.7510986,88.57379913,660.862793,210.8800049,218.1399994,99.31999969,116.1501083,56.54447937,147.3122101,94.25983429,81.91999817,92.4956131,86.80000305,67.04000092,394.0803528,202.7299957,915.1092529,209.8999939,202.3800049,116.4700012,111.4499969,256.3567505,150.3023987,100.9516068,340.7200012,71.69107819,244.5700073,418.2287903,170.4721375,348.0995178,83.77068329,457.3603516,179.6600037,656.3800049,2297.129883,20.47999954,235.7688141,224.3399963,645.2838135,203.0230865,60.64847946,43.16122055,184.7922211,69.26643372,342.149231,259.6326904,64.05999756,62.11999893,69.87999725
2021/11/23 0:00,466.5509033,161.4100037,337.6799927,3580.040039,1109.030029,2915.639893,2935.139893,337.25,317.4211121,288.5599976,167.2773132,160.6900024,445.6763916,406.6880188,148.6374512,198.4900055,47.27246857,328.5688477,51.08000183,63.13000107,151.0299988,54.9760437,551.5914917,665.1599731,116.3000031,164.1408386,632.5053711,55.44999695,117.6590729,51.78359604,654.0599976,124.0424805,359.7672729,545.2600098,291.4200134,49.09999847,51.40000153,51.13392639,188.0500031,145.2252655,180.2585754,82.02185059,261.9599915,254.2404938,24.26688576,171.8411407,313.3164368,251.0820313,329.150177,192.6399994,86.92500305,149.9199982,246.1946411,88.44554901,669.852356,211.8099976,216,101.8600006,112.6623306,56.95091629,148.6799927,92.59601593,82.94000244,93.14215851,87.30999756,68.06999969,404.2069092,204.5299988,931.1353149,209.1300049,205.3300018,116.7900009,113.5800018,260.7051392,151.9757538,101.9906998,335.8999939,73.57584381,249.1799927,422.4769287,170.422287,348.2191467,85.31903839,457.5700073,179.4600067,636.9099731,2341.129883,20.20000076,235.0918274,223.6600037,659.8718262,207.9358215,61.08615494,43.4065094,181.7538605,69.91979218,342.3475952,253.8874664,63.04999924,62.90999985,70.94999695
2021/11/24 0:00,467.7965088,161.9400024,337.9100037,3580.409912,1116,2922.399902,2934.350098,341.0599976,326.6999817,287.2799988,165.9651794,160.2400055,448.6965637,410.4125977,147.8616486,203.25,47.40184784,339.5544128,50.88999939,63.47999954,151.3399963,55.21464157,555.1785278,668.3200073,117.1900024,162.640976,632.7452393,55.00345993,117.4413376,51.62438202,658.289978,124.6304016,361.4329529,549.7299805,289.1700134,49.75999832,51.31000137,51.04499817,188.7100067,145.9523315,180.0294495,81.50672913,262,255.6924438,23.98266029,171.7213593,315.275177,251.7996674,326.1601563,193.6000061,87.20999908,157.8000031,245.4283142,88.8204422,683.2068481,208.4700012,212.2100067,101.1200027,113.7156219,56.31647873,149.0099945,93.23365021,83.13999939,92.15742493,87.19000244,67.27999878,397.0944519,203.9700012,926.4469604,210.6000061,207.0700073,116.7300034,113.9700012,264.1679382,153.8981018,102.1405716,339.4200134,74.62294769,248.7599945,423.6037598,171.1803741,366.7427063,86.11817932,463.5299988,177.6300049,649.3099976,2323.120117,20.25,233.3296814,223.1699982,659.3429565,207.478363,60.99663162,43.24952316,181.7737885,69.36542511,340.7607117,254.4959106,62.18999863,62.88999939,71.48000336
2021/11/26 0:00,457.3631897,156.8099976,329.6799927,3504.560059,1081.920044,2843.659912,2856.120117,333.1199951,314.9914246,283.0899963,160.9651489,159.1999969,438.4798889,401.0413818,146.6780243,197.6499939,45.540802,323.7451782,54,61.25,148.1100006,54.34973526,543.1157227,662.0999756,114.5100021,160.0584259,638.4829102,53.31653976,115.3134155,50.84822464,665.6400146,125.4375534,352.6856384,546.1300049,284.2099915,48.77999878,48.43000031,51.18333054,187.7899933,144.3189087,175.0781555,78.4160614,260.3699951,248.6315918,23.73764038,167.7185669,323.7496643,246.8759003,319.5024109,188.2599945,86.08999634,154.8099976,238.6506653,87.4885788,666.1365967,205.3000031,208.2100067,97.93000031,110.347084,56.03890991,143.2899933,91.98827362,79.15000153,91.03342438,83,65.5,387.3459167,201.0899963,897.5004883,199.2100067,198.7299957,115.8099976,110.6600037,261.5708313,149.286438,97.75440216,329.230011,71.28221893,246.5700073,414.3596191,156.4273987,358.2087097,83.33114624,454.5299988,175.5200043,649.5499878,2155.560059,19.75,228.600769,219.3200073,640.5740967,198.9954529,59.93227386,42.91592789,177.3208313,69.56341553,339.9077759,242.8558197,60.16999817,60.08000183,69.36000061
2021/11/29 0:00,462.9734802,160.2400055,336.6300049,3561.570068,1136.98999,2910.610107,2922.280029,338.0299988,333.7191467,282.1199951,160.2693176,159.75,450.5305786,405.1444092,148.2197113,196.2899933,45.37161636,322.5867004,52.40000153,61.59000015,147.8099976,55.43334961,560.7529297,687.4899902,114.8499985,163.0382843,648.5089111,54.15999985,115.6895142,51.27610397,663.8400269,127.5799942,364.8740234,554.8800049,296.7399902,50,49.15999985,51.04499817,187.2400055,142.0580292,183.0480347,74.18618774,254.8300018,248.9200134,23.41421127,169.5652313,326.3079834,247.76297,319.6718445,194.3800049,88.66000366,161.9100037,238.3222351,86.17644501,693.8544312,204.6399994,207.6600037,97.23000336,109.581955,54.16532898,151.2200012,92.59601593,80.09999847,91.53076935,82.94000244,65.04000092,384.5108643,203.4700012,923.7394409,198.5,195.9199982,118.5,110.7300034,265.6207275,152.6729736,98.31391907,334.7399902,71.95036316,249.1600037,415.0576782,157.464798,347.0327759,86.04825592,464.9299927,176.2299957,672.8200073,2182.01001,19.67000008,234.85289,223.5500031,679.0496826,199.7711487,60.32021713,42.66082382,182.5009918,69.93959808,338.4300232,242.8757782,59.86000061,61.06000137,70.66999817
2021/11/30 0:00,453.9651184,165.3000031,330.5899963,3507.070068,1144.76001,2837.949951,2849.040039,324.4599915,326.7200012,276.6900024,157.8836212,155.9299927,442.7758484,398.9599915,143.8035583,193.7700043,44.25698471,314.5072937,53.72999954,59.84000015,144.8999939,54.51874161,550.1606445,669.8499756,112.8700027,158.70755,632.5753174,52.45000076,114.0960464,49.73374176,641.9000244,125.3279343,356.4757996,539.3800049,284.9599915,49.20000076,47.77999878,49.67154694,184.8899994,140.0660553,179.8800049,74.20600128,248.0399933,244.6000061,22.37532234,168.9363708,321.4311829,243.786087,317.0805054,192.3699951,86.77999878,158.3699951,234.5203857,84.78539276,651.5435791,198.3699951,202.2400055,94.81999969,106.0246124,53.16410446,147.1900024,90.40415192,77.38999939,88.58650208,80.91999817,63.70000076,378.9899902,198.8800049,900.4568481,197.8500061,193.3500061,117.0999985,109.6399994,261.1827698,150.1529846,94.9068985,324.3399963,69.9359436,243.8399963,405.0956116,151.9187164,344.4905396,83.91053009,455.730011,170.0399933,647.7000122,2101.850098,19.19000053,229.8651276,222.0399933,678.3612061,195.9125671,58.62918091,41.83665085,179.5622559,68.2368927,333.3200073,236.0233917,57.86999893,59.31000137,69.40000153
2021/12/1 0:00,448.922821,164.7700043,330.0799866,3443.719971,1095,2821.030029,2832.360107,310.6000061,314.3500061,275,156.9492188,158.0800018,442.8954773,400.4200134,145.6137695,190.1600037,43.63000107,305.8786011,54.68000031,59.79000092,142.1499939,54.70762634,551.2337646,657.4099731,112.0999985,159.0850067,625.8980103,52.29999924,114.7195816,48.83818054,617.7700195,126.2945251,359.2087402,529.8400269,251.5,48.59999847,47.20999908,49.17749786,179.3200073,136.5900421,175.6300049,73.74041748,249.1300049,244.1799927,21.7872715,166.4009247,319.5124207,244.5336151,317.230011,191.7599945,87.83999634,149.1100006,232.1417389,85.70289612,663.1201782,194.1499939,199.4199982,95.26000214,104.8023987,54.47263718,151.6699982,89.41782379,76.52999878,88.30799866,79.05000305,62.52000046,376.480011,200.8000031,896.1965332,188.1900024,191.4700012,116.9199982,108.6600037,257.6702271,151.0992279,92.91864014,319.9299927,69.00852203,240.3899994,403.519989,149.6843262,340.5126343,85.05931091,449.0599976,170.7299957,599.5700073,2067.01001,19.57999992,225.8629761,219.6600037,692.0112915,194.371109,58.25118637,42.18005753,180.1499939,68.2368927,328.4200134,238.4870605,58.06000137,58.34999847,68.01000214
2021/12/2 0:00,455.7986755,163.7599945,329.4899902,3437.360107,1084.599976,2859.320068,2875.530029,310.3900146,321.2600098,279.0899963,160.2494507,157.0899963,444.5700073,407.769989,146.4691467,198.2899933,44.88999939,319.7803955,53.04000092,61.27999878,147.1999969,55.82106781,548.9384766,671.8800049,115.1399994,160.6199951,627.3274536,53.06999969,115.6697235,51.24625397,616.4699707,127.928772,364.3553772,525.5100098,261.2000122,49.5,48.90999985,50.12607193,187.1499939,134.9267426,177.0299988,73.19557953,247.8800049,248.8000031,22.59094048,169.6950073,315.8547974,249.5670166,324,193.5800018,88.62000275,150.6799927,238.9392853,86.6598587,671.3405762,199.8999939,204,98.86000061,106.6009369,54.92863846,146.4900055,89.65692902,80.12000275,89.51155853,81.66000366,63.81000137,387.5400085,201.1699982,914.6314087,202.3800049,196.7899933,116.9000015,111.4199982,264.9241638,153.8084564,95.146698,327.3200073,71.06282043,245.5,399.7399902,156.377533,349.5550842,82.79172516,460.9700012,170.2599945,623.3699951,2171.929932,19.87000084,231.3982849,223.1900024,660.0713501,200.7357941,59.1464386,42.39591217,180.6300049,68.9694519,330.5299988,246.7657776,61.02000046,60.38000107,70.25
2021/12/3 0:00,451.8326111,161.8399963,323.0100098,3389.790039,1014.969971,2840.030029,2850.409912,306.8399963,306.9299927,277.4299927,157.3468323,159.3800049,449.3200073,407.8099976,149.0750885,196.3200073,43.86999893,321.6878662,54.27000046,60.88999939,146.2200012,55.90059662,554.5723877,616.5300293,114.4100037,164.7100067,635.8540039,53.54000092,117.6293793,51.52487183,602.1300049,129.8121338,360.4854126,528.9299927,258.3200073,49.25,47.75,50.8078537,183.9299927,136.9585571,176.5099945,72.65074921,245.5800018,249.3300018,22.99277496,170.2400055,312.7368164,247.8726196,320.7000122,193.3800049,88.02999878,144.0099945,239.2876129,88.1791687,647.2086182,200.7299957,203.5,98.20999908,106.1935425,55.83073425,145.8300018,87.91340637,78.47000122,90.3868866,81.11000061,62.75999832,382.730011,202.4400024,895.4400024,198.4900055,197.8000031,118.8399963,111.2399979,265.640625,154.0475159,92.68884277,321.6300049,70.91323853,247.5700073,395,155.5496063,348.1792603,81.53307343,455.8200073,172.5899963,613.1099854,2114.439941,19.13999939,228.8695679,223.3300018,660.0214233,196.6385345,59.94221878,43.09253311,180.7899933,68.86055756,333.8099976,246.2371368,59.70999908,58.47999954,70.69000244
2021/12/6 0:00,457.1838074,165.3200073,326.1900024,3427.370117,1009.01001,2863.100098,2875.929932,317.8699951,300.3699951,281.3800049,159.2057037,162.9400024,460.1099854,415.7000122,151.3328857,202.6799927,44.15000153,332.893158,51.47999954,61.58000183,150.3699951,56.62631989,561.3887939,622.039978,116.1999969,166.4199982,621.9995728,54.90999985,120.1037064,52.0920639,612.6900024,132.0043945,361.293335,533.2000122,258.75,50.99000168,48.81000137,50.46202469,184.8600006,138.4425812,175.4499969,72.72999573,246.3300018,255.7899933,22.81636238,168.9100037,306.7007446,250.3544159,325.0299988,194.6100006,89.15000153,139.0599976,244.8908691,90.16217041,644.5916748,202.0599976,206.25,99.26999664,109.5422058,56.33630371,147.3800049,88.61082458,80.37000275,92.15742493,83.76000214,62.52000046,389.2999878,208.7899933,896.7000122,205.8800049,201.2799988,119.9100037,113.3600006,268.2377319,155.9300232,95.92601013,323.769989,72.60852814,242.9700012,403.6199951,160.2777252,353.4332886,82.36218262,456.5299988,177.1999969,616.539978,2227.280029,19.21999931,231.1693115,222.9700012,666.0981445,198.8562317,61.09610367,43.59292603,181.0599976,68.80116272,339.9599915,253.7578125,59.84000015,59.5,72.63999939
2021/12/7 0:00,466.6405945,171.1799927,334.9200134,3523.290039,1051.75,2945.389893,2960.72998,322.8099976,324.269989,284.9700012,161.6013489,163.3600006,464.730011,416.1799927,150.9350433,207.3699951,44.70999908,339.0650635,51.72000122,62.27000046,150.8099976,57.73976135,586.6472778,649.960022,117.9199982,166.2299957,628.4569702,55.20999908,120.2620621,49.33571625,625.5800171,131.9545593,370.3797607,542.0200195,266.9899902,52.56999969,50.25,50.18535614,191.0200043,137.9943848,183.7200012,71.60071564,245.1100006,259.9100037,22.62034416,171.2899933,313.1465454,256.0655823,330.6499939,199.0299988,90.41000366,144.8500061,246.2941742,89.19534302,672.5192261,205.3899994,207.1499939,102.5,111.5593491,56.63369751,156.8899994,89.71671295,81.30999756,92.43593597,85.01000214,62.90000153,400.1099854,211.3200073,920.9199829,208.8300018,204.4900055,121.5800018,116.2600021,275.441925,158.6691284,97.46466827,340.4899902,74.36366272,245.6300049,411.2399902,166.5320282,360.2425232,85.73858643,470.4599915,176.5500031,663.3900146,2245.030029,19.95999908,234.086319,225.6999969,704.6036377,202.1777954,61.08615494,43.65179825,186.6399994,68.94965363,339.1700134,259.8820496,61.52999878,60.58000183,74.12000275
2021/12/8 0:00,467.8762207,175.0800018,334.9700012,3523.159912,1068.959961,2963.72998,2974.409912,330.5599976,318.2600098,283.7200012,159.7524261,164.3399963,468.8599854,411.25,151.6113892,208.9900055,44.15999985,341.8913574,51.40000153,62.45000076,153.3399963,56.68597031,584.8189087,653.0999756,118.4499969,166.5200043,637.8931885,55,120.6183701,48.6988678,628.0800171,131.9047394,373.5614929,530.1099854,266.3099976,51.75,49.40999985,49.88893127,197.3500061,136.5999908,182.6300049,72.52197266,244.3200073,259.5799866,22.70855141,170.25,318.0533752,255.8961487,333.1900024,196.3899994,90.31999969,145.2400055,246.4235687,88.68231964,672.279541,204.7200012,204.6499939,101.25,111.7084045,57.09961319,157.2899933,88.61082458,81.19999695,92.60502625,86.5,62.45999908,397.3200073,213.5299988,923.8599854,211.0299988,204.1900024,123.0199966,116.25,274.4866943,158.8085785,98.19402313,340.7999878,73.90493774,239.6000061,415.9700012,168.5070801,359.9633789,85.92837524,473,176.0399933,665.8099976,2307.199951,19.80999947,233.2599945,229.6199951,712.4663696,200.9744568,60.55895233,43.68123245,186.2599945,69.00904846,341.0799866,260.610199,60.77999878,59.75999832,74.33999634
2021/12/9 0:00,464.7173462,174.5599976,333.1000061,3483.419922,1003.799988,2952.77002,2962.120117,329.8200073,304.8999939,284.519989,159.5039215,165.8999939,473.3200073,411.3399963,152.4966278,211.3899994,44.49000168,344.0684814,52.08000183,62.61000061,152.9400024,57.21286392,579.7116089,632.5700073,118.1399994,166.3099976,636.8135986,54.86000061,122.8749542,47.57443619,611,132.0641785,370.4894714,524.3300171,264.3200073,50.47999954,49.68999863,49.56285477,191.75,138.5,182.2599945,72.17526245,242.8999939,262.3399963,22.48313332,168.1000061,319.0726929,257.3015137,332.1199951,193.3999939,89.91000366,138.1000061,246.0752258,88.29756165,664.7382813,206.5399933,206,100.5800018,112.095932,57.04013443,152.6499939,88.4414444,80.66000366,96.79264069,86.16000366,62.13999939,396.4899902,212.5700073,919.0800171,207.5599976,204.1300049,123.5699997,115.3499985,269.7203674,156.9360199,97.74441528,340.3399963,72.34925842,237.5599976,419.6600037,167.5993652,360.8207703,84.8395462,467.6600037,175.9400024,642.1500244,2267.610107,19.56999969,232.7400055,230.1600037,697.8584595,199.6219635,60.66837311,43.74991226,183.6799927,69.59311676,343.6000061,259.8721008,59.61999893,59.61999893,74.01999664
2021/12/10 0:00,469.0919495,179.4499969,342.5400085,3444.23999,1017.030029,2960.030029,2973.5,329.75,301.980011,288.230011,158.8677368,165.4900055,478.230011,415.3999939,154.6251221,213.3999939,44.52000046,349.4614258,52.77999878,63.00999832,152.7100067,58.90290451,627.664856,654.4500122,118.3399963,168.9700012,642.2514038,56.27999878,124.1813965,48.21128464,611.6599731,133.8977051,378.4588013,558.8200073,266.0299988,50.59000015,50.20000076,49.59249878,188.5099945,141.0299988,183.8800049,71.93752289,244.1399994,264.9700012,22.38512421,169.0599976,317.283844,260.5209045,334,196,90.27999878,138.5500031,247.27948,88.83030701,677.1638794,209.1100006,209.8099976,98.43000031,111.7183456,55.87038803,152.7299957,102.250145,80.80999756,98.33440399,86.16000366,60.70999908,391.0599976,210.8899994,925.1599731,205.0599976,203.4600067,124.0899963,116.7300034,271.2229004,158.4500122,96.86518097,344.9599915,73.28665161,238.1799927,431,166.6118317,357.2715759,85.44889069,473.6700134,177.1000061,647,2236.360107,21.45000076,236.7299957,231.4499969,704.4140625,200.4473877,61.93167114,44.24049377,183.4299927,69.54361725,344.8800049,259.5329895,63.20999908,59.38999939,74.73000336
2021/12/13 0:00,464.9365845,175.7400055,339.3999939,3391.350098,966.4099731,2916.530029,2934.090088,334.4899902,281.6099854,290.0100098,156.9790344,168.4499969,478.1400146,405.2399902,156.8232574,211.0200043,43.58000183,344.8574524,55.20000076,61.63000107,150.4299927,58.26665497,617.7084961,658.2999878,115.8799973,169.8099976,645.75,57.75999832,125.2107162,47.47492599,604.5599976,135.482132,376.7432556,557.2199707,265.7600098,50,48.56000137,49.681427,186.3800049,143.5700073,183.3200073,72.72999573,248.5299988,263.0899963,21.99309158,166.8399963,318.3032227,256.3945007,334.1900024,193.2400055,91.73999786,133.8000031,244.572403,90.4384079,667.9645386,206.3099976,209.2299957,97.16999817,112.1456223,58.53701782,147.1000061,100.5165939,79.37999725,98.37419128,84.33000183,60.18000031,384.6400146,211.3899994,917.6599731,197.3999939,201.25,122.5800018,115.5599976,274.6558228,161.0800018,93.04852295,340.3599854,70.8234787,234.1699982,430.0400085,162.8911743,350.3526611,84.26016235,478.8599854,174.5800018,655.9400024,2149.51001,20.43000031,235.0200043,232.3600006,683.4699707,195.1269226,62.8368721,44.50540543,178.4700012,69.90000153,345.5499878,259.4033203,59.13000107,58,73.12999725
2021/12/14 0:00,461.737793,174.3300018,328.3399963,3381.830078,958.5100098,2878.139893,2899.409912,333.7399902,283.3699951,295.0299988,158.181839,170.2899933,479.4599915,402.2000122,157.4001312,209.9799957,44.13000107,340.1036987,55.54000092,61.54000092,149.1000061,57.43157578,611.0014038,614.8599854,116.2200012,169.3899994,632.1099854,57.79999924,125.9827042,48.5197525,597.9899902,132.4727478,368.7739258,545.3400269,255.5899963,49.70000076,48.88999939,50.04702377,186.8000031,144.9400024,181.9799957,73.72000122,249.3800049,262.519989,21.84607887,165.3999939,307.5002441,251.6302338,334.5,190.2700043,90.02999878,135.6000061,243.4477692,90.68504333,638.7384644,203.7400055,206.6799927,98.81999969,110.9830322,58.9930191,147.7299957,99.52029419,80.79000092,98.25482941,83.5,60.63999939,388.8200073,213.7400055,902.3800049,195.5,201.6399994,123.7600021,114.7099991,272.0587463,158.7299957,92.02941895,328.2399902,70.48442841,235.2799988,433.9400024,162.4423065,347.4913635,83.20129395,470.3399963,174.7200012,624.6900024,2124.929932,20.04999924,229.7200012,228.0700073,679.210022,197.7125702,63.05571365,44.54465485,176.2799988,70.51999664,345.6400146,254.0969391,58.40000153,58.65999985,72.94000244
2021/12/15 0:00,468.9524536,179.3000031,334.6499939,3466.300049,975.9899902,2928.820068,2947.370117,341.6600037,304.5899963,294.5799866,156.9989319,171.1399994,494.3800049,407.8099976,158.0068665,212.3099976,43.93999863,345.8961182,58.79999924,61.27000046,150.3999939,59.57892227,635.7928467,630.3300171,115.5599976,171.5700073,655.7399902,58.06000137,128.8925018,47.94261169,605.039978,135.0835266,374.3294983,565.4799805,260.0400085,50.66999817,48.93999863,49.94821167,190.6600037,145.7700043,189.2799988,75.29000092,275.2799988,264.519989,21.72846794,163.8999939,314.7755127,256.6935425,341.3599854,193.4400024,92,146.5,245.9458313,91.48416901,646.7391357,205.7700043,209.7599945,99.43000031,104.2757568,60.08346558,153.6600037,103.2663803,81.59999847,100.0154266,83.43000031,60.24000168,389.9100037,219.25,914.9099731,195.4299927,202.5500031,123.1100006,114.6800003,272.9941101,162.5599976,91.99945068,331.6600037,70.51434326,236.6499939,443.5599976,161.8338318,342.8953857,85.56877136,478.9700012,175.7799988,647.039978,2130.379883,20.19000053,233.9199982,232.0800018,697.3099976,196.9866028,64.44833374,45.09410095,179.5299988,71.20999908,344.4200134,251.5734253,58.61000061,58.56999969,73.05999756
2021/12/16 0:00,464.8169861,172.2599945,324.8999939,3377.419922,926.9199829,2888.899902,2896.77002,334.8999939,283.8699951,300.1700134,159.4542084,173.0099945,492.8599854,399.5299988,160.2447815,214.3699951,45,352.457489,61.25,61.36999893,148.75,59.95669937,616.7347412,566.0900269,116.6399994,171.8200073,661.25,58.65000153,130.42659,48.59936142,591.0599976,135.6116638,399.5640869,552.6300049,253.1199951,50.83000183,50.29999924,52.12202454,188.75,143.3399963,178.1499939,75.91000366,279.0400085,265.5499878,23.23779678,162.7200012,318.2832031,252.4076691,340.0100098,188.2400055,92.23000336,138.6399994,247.1699982,93.11199951,633.2248535,207.9700012,209.6100006,100.3000031,101.5630341,61.62990952,146.6999969,102.8379669,83.88999939,100.6818619,82.69999695,61.06999969,397.3699951,222.5800018,921.5499878,190.7899933,206.1699982,125.9300003,113.5899963,278.0888062,163.25,92.4490509,334.5299988,71.50160217,224.7799988,447.8800049,162.5919342,347.2321777,82.60192871,476.8299866,178.3099976,608.9799805,2164.909912,20.35000038,231.8500061,232.8099976,671.2800293,200.6761169,65.34358978,46.45791245,172.6000061,72.30999756,344.8399963,250.8153839,58.38999939,59.18000031,73.47000122
2021/12/17 0:00,459.8699951,171.1399994,323.7999878,3400.350098,932.5700073,2834.5,2856.060059,333.7900085,278.0100098,293.6600037,155.825943,168.2299957,487.1199951,387.980011,156.6143799,211.8800049,43.88000107,348.8522034,59.47999954,60.02999878,148.7599945,60.10581589,630.9240112,556.6400146,113.5999985,168.3000031,651.0700073,57.72999954,128.1996918,48.50980377,586.7299805,136.6280823,395.2153625,547.6099854,252.9299927,50.61999893,47.95000076,52.53702164,186.1999969,138.75,176.8000031,75.69000244,267.4200134,261.7000122,23.30640411,161.3600006,313.2065125,247.2745819,333.8299866,186.3000031,90.94000244,137.75,242.6900024,92.19448853,619.5507202,206.5899963,205.1699982,97.12999725,99.99303436,61.02521515,146.1499939,96.26239777,82.94999695,99.82643127,82.27999878,59.54000092,381.7999878,222.5,913.5700073,192.6300049,201.3699951,127.4000015,108.6299973,277.481781,161.1799927,91.36999512,337.3999939,68.42015839,223.3099976,445.1000061,159.6094055,345.9759827,82.91159821,467.6400146,174.75,615.6300049,2210.459961,19.77000046,229.4100037,234.3099976,669.1699829,196.1512451,64.61743164,47.34095764,170.1100006,72.20999908,344.1400146,250.5759888,55.15999985,57.11000061,74.01999664
2021/12/20 0:00,454.980011,169.75,319.9100037,3341.580078,899.9400024,2832.139893,2848.030029,325.4500122,277.1900024,289.6099854,153.0227661,167.75,483.730011,389.3999939,157.0122375,208.7400055,43.15999985,336.5783081,61.02000046,59.15999985,146.4700012,60.00640488,640.9300537,549.7700195,113.6500015,169.4199982,649.3200073,57.54000092,129.516037,48.16152954,593.7399902,134.5055695,384.7824097,548.5599976,247.2100067,49.59999847,46.84999847,52.45797729,182.6799927,139.1999969,176.6699982,76.41000366,263.480011,261.730011,23.7082386,156.9799957,314.0859375,244.8126984,330.3200073,184.2400055,89.94000244,135.8000031,240.6399994,91.61241913,603.928894,202.4299927,199.8500061,95.37000275,98.8999939,61.18382263,145.0099945,91.30082703,80.68000031,99.78664398,81.02999878,58.27999878,371.6099854,219.9900055,897.289978,188.4799957,195.4600067,127.0599976,108.0899963,277.0837708,161.3899994,89.98000336,332.1099854,68.41017914,219.1900024,439.4599915,155.4997253,337.6314087,81.94262695,460.3399963,172.6399994,605.3699951,2208.75,19.42000008,229.3600006,234.2599945,661.0800171,191.4871368,64.43838501,47.20359421,168.3200073,72.47000122,337.4200134,247.1348419,54.04000092,55.66999817,72.48000336
2021/12/21 0:00,463.0599976,172.9900055,327.2900085,3408.340088,938.5300293,2869.449951,2884.409912,334.2000122,290.75,293.2399902,155.1599426,167.2100067,487.2099915,390.4700012,156.9127655,215.3800049,44.18999863,350.2803345,58.95000076,60.5,151.0500031,60.67247772,646.2399902,557.5200195,115.4700012,168.9199982,645.3400269,57.77000046,128.615387,48.6192627,604.9199829,134.7945557,391.874054,545.4299927,252.5500031,50.77000046,47.81000137,52.15166473,189.1399994,139.6199951,179.5800018,75.54000092,264.8800049,264.3900146,23.98266029,166.6300049,313.7161865,246.1682281,332.8900146,186.3699951,90.44999695,144.25,242.2200012,91.79000092,620.3497925,207.1000061,201.6699982,97.76999664,101.6500015,60.91616821,151.4199982,91.17131042,83.19000244,100.2541428,83.68000031,59.38000107,380.3200073,220.9199982,910.8699951,199.5200043,198.3099976,128.9700012,110.3700027,276.4768066,160.7899933,93.05999756,348.0899963,70.48442841,220.0700073,446.4899902,160.5071564,348.7475586,90.5834198,470.4899902,172.9199982,631.3200073,2365.75,19.61000061,231.9499969,237.6399994,683.0700073,195.7832794,63.98081207,46.87000275,172.0800018,71.83999634,340.769989,255.5631714,54.79000092,57.11999893,74.12000275
2021/12/22 0:00,467.6900024,175.6399994,333.2000122,3420.73999,1008.869995,2928.300049,2938.97998,330.4500122,294,294.4100037,155.7663116,167.9299927,494.1300049,395.6400146,158.4644012,217.9600067,44.27999878,357.0115356,59.54999924,60.99000168,151.8800049,61.16954803,655.2000122,563.9799805,116.1299973,169.9700012,651.7000122,58.18000031,130.6938171,48.78842163,614.2399902,138.5014801,402.6461182,549.6699829,252.8000031,50.97000122,48.02999878,52.14178467,191.6799927,139.8000031,181.3800049,76.16000366,266.5,264.9400024,24.28648758,165.4400024,319.4724426,248.8792877,335.3500061,186.9299927,90.80000305,143.8800049,242.8899994,92.91000366,630.9274902,208.4400024,201.8399963,98.30000305,101.3399963,61.56052017,152.3200073,89.52741241,84.37999725,100.3635635,84.06999969,59.59999847,382.3299866,221.5299988,911.539978,201.6900024,202.1499939,129.75,111.7399979,279.8599854,162.2599945,93.06999969,362.2099915,70.88332367,217.7400055,453.9100037,162.0632477,345.9460754,90.24377441,473.2600098,172.6399994,643.9299927,2385.179932,20.13999939,237.6199951,241.5700073,691.2199707,196.0318909,64.48812103,46.88000107,172.2899933,72.43000031,343.1400146,263.3730774,56.08000183,57.34000015,74
2021/12/23 0:00,470.6000061,176.2799988,334.6900024,3421.370117,1067,2938.330078,2942.850098,335.2399902,296.3999939,294.4899902,156.3229675,168.25,495.3800049,397.0700073,159.2402039,216.6199951,44.41999817,360.1074219,58.70999908,61.02000046,153.6300049,61.9151535,664.7999878,569.6199951,116.4100037,169.7799988,650.7000122,58.22000122,131.7231293,49.78349686,614.0900269,138.6708832,402.2670898,550.3699951,253.1399994,51.31000137,48.36000061,52.05285645,192.0099945,139.4900055,182.7400055,75.73000336,273.1000061,265.9500122,24.37469673,165.6699982,320.5817261,249.2680054,339.1700134,187.3999939,90.69999695,146.1399994,245.6399994,92.93000031,634.9728394,212.1900024,205.2200012,99.33999634,102.9000015,61.51095581,155.4900055,89.38793182,85.12999725,100.7713776,84.90000153,60.20999908,385.0400085,223.7899933,913.9199829,204.2200012,206.1999969,130.6300049,112.3700027,278.7399902,161.75,94,363.9400024,70.9930191,221.0099945,455.7099915,163.7789459,348.1593323,94.31943512,473.7399902,174.9700012,648.5700073,2402.25,20.25,242,242.5099945,698.7199707,196.8374176,64.59754181,46.70000076,172.6600037,72.48000336,347.019989,267.5623169,56.90999985,57.77000046,73.75
2021/12/27 0:00,477.2600098,180.3300018,342.4500122,3393.389893,1093.939941,2958.129883,2961.280029,346.1799927,309.4500122,296.6700134,157.2176208,169.6699982,499.5,404.0899963,161.1001587,217.6300049,44.63999939,359.8377991,59.20000076,61.88999939,152.8000031,63.04847717,674.2800293,577.6799927,118.7900009,171.4700012,662.210022,58.65000153,133.0295868,50.22132874,613.1199951,140.9627991,414.2559814,563.4699707,258.2999878,51.93999863,48.77000046,52.05285645,192.0099945,140.7599945,186.3300018,76.56999969,278.4100037,268.2399902,24.28648758,167.5800018,327.1974182,252.8661346,343.4200134,191.8399963,91.31999969,154.3600006,247.9499969,93.54000092,652.0130615,215.1100006,206.4299927,100.4000015,104.4300003,61.74887085,162.7200012,89.20860291,85.81999969,101.8555832,85.23999786,60.65000153,388.0400085,225.1699982,922.5700073,203.1699982,206.3800049,131.6199951,114.2200012,285.7600098,165.8899994,94.62000275,364.5799866,73.0074234,224.1000061,459.519989,163.9784393,349.6846924,94.329422,478.1000061,176.6999969,663.2800293,2394.51001,20.79999924,246.2899933,246.5099945,723.4000244,199.9600983,65.17447662,46.79000092,175.4700012,72.87000275,350.2799988,269.7267761,57.43000031,58.45999908,74.29000092
2021/12/28 0:00,476.8699951,179.2899933,341.25,3413.219971,1088.469971,2933.73999,2928.959961,346.2200012,303.2200012,298.2900085,157.6947479,170.3500061,502.9400024,406.2200012,161.9654846,218.0500031,44.70000076,360.3071899,58.00999832,61.68999863,155.1999969,63.1578331,669,569.3599854,118.5599976,172.3600006,655.3800049,58.88000107,133.0097809,50.26113129,610.710022,139.9762726,414.1961365,564.6400146,255.4499969,51.75999832,48.41999817,52.09238052,190.1000061,142.7799988,184.8200073,76.80999756,276.4299927,267.8800049,24.32569122,166.4199982,323.230011,253.1850891,343.7900085,191.1000061,91.87999725,153.1499939,249.2299957,93.86000061,649.0265503,214.6799927,207.0500031,99.97000122,104.5299988,61.80834961,159.6399994,88.32189178,85.5,102.2236176,86.01999664,60.61999893,387.6099854,225.7700043,921.8200073,206.1300049,206.6199951,132.6300049,115.5699997,288.4899902,165.7899933,95.30000305,364.5400085,72.91767883,224.9100037,464.2099915,163.9983978,348.7076721,92.84101105,475.1000061,177.6399994,654,2386.909912,20.76000023,246.0700073,244.25,716.0999756,200.0595398,65.66190338,47.38000107,174.3800049,72.97000122,353.75,270.0958252,57.11000061,58.70000076,74.76999664
2021/12/29 0:00,477.480011,179.3800049,341.9500122,3384.02002,1086.189941,2933.100098,2930.090088,342.9400024,300.0100098,299.4599915,157.6152344,171.5500031,505.5799866,410.8399963,163.3082428,218.1699982,44.63000107,360.8165283,57.58000183,61.15000153,154.8699951,63.58531189,672.6099854,569.289978,117.9499969,172.9700012,662.7299805,58.95000076,133.9698181,50.34073639,610.539978,140.6937408,414.3457947,567.7700195,254.5399933,51.83000183,48.45000076,51.73666763,189.9700012,142.7100067,186.1999969,76.94999695,278.4200134,268.4899902,24.14927483,168.7799988,326.5799866,256.7234192,345.3999939,190.8099976,91.98999786,148.2599945,251.0299988,94.30000305,647.2785645,214.6000061,207.5299988,98.73000336,103.9499969,61.74887085,160.9799957,87.88352203,84.95999908,103.1486664,85.88999939,60.54000092,386.2000122,227.6000061,909.7199707,203.6600037,207.3300018,133.3500061,116.3799973,288.8800049,167.6799927,94.79000092,365.269989,72.71822357,227.9199982,467.6700134,163.4198456,344.6600037,96.06757355,474.5499878,178.4100037,654.5800171,2384.679932,20.55999947,248.0099945,247.0299988,726.75,200.1291656,66.02000427,47.40000153,175.5200043,73.63999939,354.269989,270.414978,57.22999954,58.77999878,75.45999908
2021/12/30 0:00,476.1600037,178.1999969,339.3200073,3372.889893,1070.339966,2924.01001,2920.050049,344.3599854,295.8599854,299.980011,157.5357056,172.3099976,504.4299927,409.9400024,161.895874,217.8699951,44.52999878,360.5169067,58.40000153,60.79000092,155.9299927,63.24730682,665.0800171,570.5300293,117.4300003,172.6699982,665.4500122,58.77999878,134.5339661,50.34073639,612.0900269,140.5044098,412.7598572,563.9099731,255.3300018,51.74000168,48.09999847,51.62797546,191.8800049,143.1699982,182.7299957,77.13999939,277.25,267.2099915,24.28648758,167.4900055,328.4700012,255.5473175,344.3299866,189.4100037,92.76999664,145.1499939,249.5399933,94.26000214,642.6139526,213.8999939,207.1100006,98.80000305,104.4700012,61.97687149,157.9799957,87.68426514,84.48000336,103.1287766,85.80000305,60.43000031,385.519989,226.4700012,913.7600098,202.7100067,206.0800018,133.9100037,116.2399979,291.1400146,167.9700012,94.69999695,363.2999878,72.08000183,231.9100037,467.1499939,163.7490234,342.0299988,93.79000092,470.480011,177.6399994,654.539978,2395.919922,20.46999931,245.5599976,245.1600037,718.3300171,199.8904877,65.75,47.25,174.7799988,73.36000061,353.5799866,270.6900024,58.13000107,58.5,75.52999878
2021/12/31 0:00,474.9599915,177.5700073,336.3200073,3334.340088,1056.780029,2897.040039,2893.590088,336.3500061,294.1099854,299,157.4064941,171.0700073,502.1400146,415.0100098,162.7015228,216.7100067,44.49000168,358.8491211,59.04999924,61.18999863,154.8899994,62.99876785,665.4099731,567.0599976,117.3499985,173.7100067,667.2399902,59.20999908,134.0093994,50.08201981,602.4400024,140.2453308,413.4779968,567.7000122,254.1300049,51.5,47.97999954,51.34142685,188.5800018,144.6900024,182.8699951,76.63999939,276.2200012,268.0700073,24.11007309,166.6699982,329.0100098,257.6304321,346.4299927,188.4700012,93.36000061,143.8999939,251.9299927,95,642.4740601,214.3399963,208.5099945,98.16000366,103.4499969,61.80834961,157.3600006,86.88722229,84.09999847,102.6115494,86.05999756,60.38999939,382.5499878,224.9700012,915.5599976,201.3200073,206.7400055,133.6600037,116.9700012,292.5,168.3600006,94.47000122,359.2999878,72.18000031,231.4400024,463.5400085,163.1904297,342.8900146,93.15000153,471.9299927,177.6300049,649.1099854,2399.22998,20.77000046,246.5800018,244.0299988,719.1500244,199.4131317,66.30999756,47.38999939,175.7700043,72.61000061,355.4100037,267.4200134,58.63000107,58.54999924,75.91999817
2022/1/3 0:00,477.7099915,182.0099945,334.75,3408.090088,1199.780029,2899.830078,2901.48999,338.5400085,301.2099915,300.7900085,160.7365112,171.5399933,502.2799988,408.6400146,162.0251617,221.4299927,46.18000031,370.4638672,56.65000153,63.54000092,156.7599945,62.79000092,663.3200073,564.3699951,119.2600021,172.9799957,644.9199829,59.29999924,134.0292053,50.49000168,597.3699951,138.5512848,406.1569824,566.710022,255.4600067,53.20999908,50.72999954,51.81571198,194.9400024,144.6499939,186.2100067,76.87000275,271.730011,268.5799866,24.92354202,164.6699982,315.7600098,254.6701965,338.6400146,190.6000061,91.66000366,150.2400055,247.7700043,95.73000336,630.7377319,213.5,206.8000031,100.1900024,106.0999985,61.34243393,159.9299927,87.57466888,85.76000214,103.6062317,86.97000122,63.09999847,395.3299866,226.6900024,911.7299805,207.8600006,207,136.0399933,116.6800003,286.3800049,164.8999939,96.23999786,360,73.76999664,231.9499969,464.8599854,167.7888947,350.1099854,95.75,461.1000061,177.7400055,630.1400146,2461.419922,21.77000046,244.0099945,234.0299988,725.460022,207.0706329,65.97000122,47.97000122,177.1499939,72.58000183,354.3599854,268.4200134,61.16999817,60.40000153,75.55000305
2022/1/4 0:00,477.5499878,179.6999969,329.0100098,3350.439941,1149.589966,2887.98999,2888.330078,336.5299988,292.8999939,308.5299988,166.8300018,171.0800018,490.8999939,412.8399963,162.5921021,222.4600067,47.99000168,374.8980408,54.52999878,65.93000031,155.7299957,61.25,670.9199829,554,121.4300003,173.2299957,618,60.29000092,133.7718811,50.18999863,591.1500244,135.2928009,403.2545166,564.2299805,248.2299957,53.13999939,52.75,52.83345413,191.1399994,142,187.2299957,77.01000214,266.8099976,268.5100098,25.1293602,166.3899994,307.2600098,258.9560547,344.8099976,190.8000031,90.68000031,144.4199982,252.0299988,96.33999634,617.6030273,217.2899933,209,104.2600021,106.3899994,61.59026337,158.3600006,88.51118469,89.95999908,103.7355347,90.01999664,63.59000015,407.480011,227.8399963,917.2199707,213.6300049,218.0800018,138.0200043,114.2399979,282.769989,161,99.37000275,354.6300049,76.97000122,234.1699982,458.1700134,173.1753693,371.2900085,96.33999634,459.8200073,180.2299957,603.9400024,2464.929932,24.30999947,245.1499939,225.1199951,712,214.698288,66.44999695,49.02999878,175.5500031,72.20999908,361.9899902,277.769989,65.73999786,62.34999847,76.72000122
2022/1/5 0:00,468.3800049,174.9199982,316.3800049,3287.139893,1088.119995,2755.5,2753.070068,324.1700134,276.0400085,309.9200134,163.7799988,172.2200012,489.6900024,407.2399902,163.3281403,220,47.18000031,373.4099731,55.63000107,66.75,155.1900024,60.27999878,643,514.4299927,122.2200012,173.8200073,618.5200195,60.79000092,134.4745789,50.22000122,567.5200195,134.6849365,396.1529236,549.9199829,227.6699982,53.86999893,52.29000092,53.37690353,187.1600037,143.9199982,186.5,78.87999725,260.6499939,267.1900024,25.68800735,162.25,305.2999878,253.9126892,346.4100037,186.8200073,89.73000336,136.1499939,252.7899933,95.94999695,593.0115356,214.5599976,211.0599976,101.6800003,106.0100021,61.61999893,153.7400055,86.13999939,89.30999756,105.2474518,89.56999969,62.84999847,398.6300049,225.1399994,891.7700195,213.0700073,219.75,138.2200012,110.4400024,264.5700073,157.6499939,99.37000275,341.9500122,75.65000153,228.8600006,458.2200012,171.3299866,372.0499878,94.40000153,455.7600098,179.4900055,572.7600098,2413.300049,23.65999985,243.0599976,216.5599976,691.8099976,211.2176056,67.41000366,48.63999939,172.8399963,72.18000031,358.1400146,272.25,62.74000168,61.66999817,75.13999939
2022/1/6 0:00,467.9400024,172,313.8800049,3265.080078,1064.699951,2754.949951,2751.02002,332.4599915,281.7799988,313.2200012,165.5200043,171.6300049,469.6499939,405.7600098,161.9555359,219.75,48.13000107,370,54.84000015,68.31999969,156.8999939,60.91999817,637.0300293,514.1199951,123.2600021,173.8600006,620.4000244,60.47000122,133.841156,50.50999832,553.289978,134.6650085,377.022522,549.7999878,229.1499939,54.00999832,53.63000107,53.11999893,192.2700043,143.5200043,185.9499969,78.83000183,259.3299866,269.6900024,25.59000015,161.0399933,303.9200134,256.9427185,338.0100098,186.7599945,85.76999664,136.2299957,253.4900055,97.41000366,585.710022,216.6399994,210.8200073,103.4199982,104.9700012,61.47999954,156.3399963,86.33999634,90.73999786,102.0445709,90.05999756,64.91000366,396.9299927,225.1699982,895.4899902,211.3399963,221.9900055,135.3399963,111.1399994,264.8900146,156.5700073,99.94999695,334.1799927,78.48999786,231.3500061,439.4500122,172.8999939,376.3599854,95.65000153,451.9599915,178,574.039978,2429.969971,24.45999908,241.3899994,217.4199982,701.9099731,219.3524628,67.37999725,49.20999908,173.3899994,71.58999634,358,271.5,62.86999893,63.97999954,75.47000122
2022/1/7 0:00,466.0899963,172.1699982,314.0400085,3251.080078,1026.959961,2740.340088,2740.090088,331.7900085,272.4700012,319.7799988,167.1600037,173.9499969,458.6000061,393.6099854,161.8660278,216.9600067,49.18000031,369.6499939,55.72000122,68.87999725,157.8300018,61.13000107,619.1500244,510.7000122,125.0299988,174.0800018,607.0700073,60.33000183,133.494751,50.04999924,541.0599976,135.0835266,369.7912903,536.1799927,228.3099976,53.43999863,54.77000046,54.24000168,187.6000061,144.8899994,180.4100037,80.30000305,259.5,267.0599976,26.29000092,156.9700012,295.6700134,250.2647247,336.2799988,179.4400024,86.41000366,132,254.7799988,99.13999939,567.5599976,218.1600037,215.75,104.0500031,105.1600037,62.83000183,150.8099976,87.51000214,91.73999786,103.6360703,90.44000244,65.77999878,397.5100098,227.2899933,892.2700195,215.5,224.1900024,134.8300018,107.5699997,266.5799866,153.7299957,101.4000015,324.2900085,80.63999939,230.7799988,434.9899902,174.3800049,378.6499939,94.44999695,446.75,179.9499969,566.3900146,2434.580078,24.44000053,238.8399963,211.0899963,669.289978,222.4950104,67.55000305,49.77000046,168.8399963,71.26000214,360.1400146,263.5700073,62.27000046,65,74.37999725
2022/1/10 0:00,465.5100098,172.1900024,314.269989,3229.719971,1058.119995,2773.389893,2771.47998,328.0700073,274,318.9299927,167.3200073,173.0899963,465,387.4599915,159.6579437,211.9700012,48.93000031,363.9100037,56.24000168,68.47000122,156.6000061,61.81999969,621.1599731,525.8300171,125.1100006,174.1699982,625.039978,60.43000031,134.9892426,50.52000046,539.8499756,134.7845764,372.0354614,518.7999878,229.6300049,55.20999908,55.34999847,53.86999893,182.9499969,144.6100006,179.6799927,82.37000275,260.1099854,264.4100037,26.45999908,150.4400024,303.0299988,246.8759003,335.4299927,182.9600067,84.29000092,132,250.2799988,100.2799988,570.1900024,211.7299957,213.4600067,104.1299973,105.6200027,65.09999847,149.5899963,89.27999878,91.65000153,104.501442,89.73000336,66.02999878,399.1700134,230.3699951,873.3400269,209.3099976,221.6399994,135.0299988,106.0299988,264.4100037,153.0200043,99.41999817,325.5299988,81.02999878,227.4199982,437.8299866,173.7400055,379.8599854,93.88999939,435.3900146,177.4100037,572,2426.399902,23.85000038,232.8899994,212.6000061,664.289978,221.2220764,67.02999878,50.54000092,170.3999939,72.08999634,363.25,263.8500061,61.06999969,65.29000092,72.48999786
2022/1/11 0:00,469.75,175.0800018,314.980011,3307.23999,1064.400024,2794.719971,2800.350098,334.3699951,278.1700134,319.7999878,167.4900055,171.25,469,386.6700134,157.8079376,214.3800049,49.20999908,366.2900085,56.68999863,71.34999847,157.8899994,62.36999893,622.0499878,529.8900146,127.9700012,174.0899963,620.5,60.45000076,135.5632935,51.13999939,540.8400269,135.2230377,374.1399841,522.0300293,234.8399963,55.90999985,56.06000137,53.59000015,191.5200043,144.1999969,185.3999939,81.66999817,262.3200073,262.1199951,26.34000015,150.3000031,305.3299866,248.6799469,336.4299927,184.6399994,84.79000092,137.3099976,246.4199982,100.9899979,578.7199707,211.2700043,216.3099976,105.9199982,107.8899994,65.48000336,152.4499969,88.48000336,93.91000366,105.4762344,90.72000122,67.11000061,403.0499878,232.3800049,888.1900024,216.0200043,219.9499969,132.8699951,104.0400009,260.4899902,152.9900055,101.7900009,328.019989,83.58999634,227.5500031,453.730011,175.3800049,380.5499878,94.19999695,441.019989,178.9799957,578.4400024,2469.419922,24.35000038,235.2799988,212.8000031,673.210022,222.6044006,67.26000214,49.47999954,173.6300049,72.37000275,364.1400146,268.1700134,61.45999908,65.66000366,74.20999908
2022/1/12 0:00,471.019989,175.5299988,318.269989,3304.139893,1106.219971,2828.610107,2832.959961,333.2600098,279.9899902,320.3900146,168.4400024,169.7899933,473.7200012,389.3999939,158.1560516,215.7100067,48.86000061,367.3099976,56.65000153,71.13999939,157.8000031,62.11999893,622,532.3699951,127.3300018,173.8999939,625.2000122,60.54000092,135.8799896,50.95000076,537.2199707,133.25,377.1900024,525.7999878,237.8300018,55.74000168,56.40000153,53.45000076,187.1999969,143.4400024,186.4199982,81.19999695,255.9199982,260.9200134,26.45000076,152.2100067,306.3800049,249.8959351,341.2900085,186.0299988,85.08999634,137.4700012,247,101.4400024,577.2600098,211.2200012,218.25,103.0500031,108.9499969,64.81999969,159.5500031,88.30999756,94.81999969,105.2176132,91.06999969,67.27999878,390.3099976,231.7599945,885.1099854,217.4499969,222.3999939,133.5899963,103.8700027,259.3900146,153.2400055,102.2399979,323.1600037,84.40000153,224.4700012,451.8299866,174.4700012,376.25,95.11000061,447.8399963,179.4199982,573.3900146,2436.100098,24.46999931,234.6300049,212.8099976,686.3200073,223.688385,67.37000275,49.49000168,173.75,72.25,361.2999878,268.0299988,61.02999878,66.33000183,73.41000366
2022/1/13 0:00,464.5299988,172.1900024,304.7999878,3224.280029,1031.560059,2771.73999,2782.620117,326.480011,265.75,321.2600098,168.2299957,168.7599945,467.4299927,386.980011,157.4399109,215,48.75999832,369.519989,55.54000092,70.62999725,155.4400024,61.5,597.1900024,516.9000244,126.8000031,174.1799927,600.8900146,60.90000153,133.5200043,51.27999878,519.2000122,129.6499939,361.3699951,516.8800049,228.6300049,54.93999863,56,53.52000046,181.0099945,145.4700012,183.8899994,81.31999969,249.6699982,261.4100037,26.79999924,149.5899963,292.0499878,249.8760071,333.4100037,184.1499939,84.90000153,132.7400055,247.6199951,102.0999985,552.9199829,210.4700012,219.4299927,102.5500031,108.7799988,64.59999847,157.1799927,87.79000092,93.37999725,104.779953,91.55999756,67.77999878,390.7999878,230.8500061,867.5800171,223.8999939,227,134.7599945,102.4000015,255.4400024,153.1499939,102.4599991,313.2099915,83.62000275,225.8300018,446.8299866,173.2899933,380.3900146,95.62000275,436.269989,181.0200043,521.2600098,2458.97998,25.02000046,231.9299927,207,686.7700195,225.1999969,67.63999939,50.31000137,169.7799988,71.87999725,365.1799927,267.8900146,61.77000046,66.76999664,72.61000061
2022/1/14 0:00,464.7200012,173.0700073,310.2000122,3242.76001,1049.609985,2789.610107,2795.72998,331.8999939,269.4200134,324.1300049,157.8899994,167.8399963,468.6900024,372,158.9517517,214.6699982,47.90999985,372.1400146,54.95000076,71.87000275,151.9400024,61.36000061,596.3699951,520.5999756,128.9600067,175.6399994,594.7999878,61.38999939,135.8699951,51.68000031,525.6900024,128.1600037,353.3599854,502.9899902,231.2299957,55.70000076,58.06000137,53.27999878,178.4199982,145.0599976,188.6900024,81.37999725,244.1199951,257.7099915,27.18000031,148.1799927,293.3099976,242.5999908,328.6300049,187.0099945,83.19999695,136.8800049,246.2700043,103.3799973,550.789978,206.5399933,217.6499939,98.87999725,108.5500031,64.93000031,167,87.69000244,95.52999878,105.6552734,92.33000183,66.93000031,380.9400024,235.3600006,848.5999756,225.9600067,228.9400024,134.2100067,100.1200027,250.6199951,152.7400055,103.1600037,307.7399902,86.73999786,221.3999939,452.1400146,168.3999939,379.5599976,97.36000061,432.3599854,178.7400055,531.0200195,2450.949951,25.19000053,228.75,206.1799927,729.8200073,222.1999969,68.09999847,50.81000137,172,71.76999664,372.6199951,266.7099915,61.09999847,67.41000366,71.18000031